{"main":"american-flights-api-p2.raml","name":"American Flights API P2","classifier":"raml","tags":[],"groupId":"49b818b9-e16a-40fb-ae3f-1e76b6d68cd6","assetId":"american-flights-api-p2","version":"1.0.2","apiVersion":"v1","originalFormatVersion":"1.0","dependencies":[{"groupId":"68ef9520-24e9-4cf2-b2f5-620025690913","assetId":"training-american-flights-example","version":"1.0.1"},{"groupId":"68ef9520-24e9-4cf2-b2f5-620025690913","assetId":"training-american-flight-data-type","version":"1.0.1"}]}